local_authority,timeperiod,percentage_of_adults_aged_18_classified_as_overweight_or_obese,utilisation_of_outdoor_space_for_exercise_health_reasons,percentage_of_physically_active_adults,percentage_of_physically_inactive_adults,percentage_of_adults_walking_for_travel_at_least_three_days_per_week,percentage_of_adults_cycling_for_travel_at_least_three_days_per_week,deprivation_score_imd_2015,proportion_of_the_population_meeting_the_recommended_5_a_day_on_a_usual_day_adults,proportion_of_the_population_with_gym_membership
Babergh,2006,63.3,16.6,60.8,19.9,32.5,3.4,15.1,54.4,9.3
Babergh,2007,69.1,12.4,57.7,23.3,25,0.4,15.1,54.2,9
Babergh,2008,64.2,28.1,65.2,20.4,32.3,0.8,15.1,55.4,10
Babergh,2009,65.1,27.6,63.5,22.6,21.2,1.3,15.1,55.4,12.2
Babergh,2010,63.3,13.2,58.3,22.3,21.7,1.4,15.1,54.6,8.5
Babergh,2011,61.6,22.2,66.7,20.4,20.2,1.3,15.1,55.6,10.3
Babergh,2012,65.1,25.2,65.5,20.3,21.6,1.5,15.1,55.4,10.3
Babergh,2013,70.6,36.9,64.4,22.6,19.3,1,15.1,56.4,12.2
Babergh,2014,65.2,28.1,67.8,21.5,21.7,1.4,15.1,56.4,10.7
Babergh,2015,58.5,27.6,62.2,24.4,16.4,1.7,15.1,55.8,9.4
Babergh,2016,59.5,28.1,73.9,14.4,17.7,0.3,15.1,56.4,10.7
Babergh,2017,62.2,20.7,62.7,23.5,15.8,0.7,15.1,55.6,9.9
Babergh,2018,66.3,29.1,68.7,19.4,14.3,0.4,15.1,55.8,12.2
Babergh,2019,69.1,36.9,69,21.5,11.1,1.4,15.1,55.8,12.2
Babergh,2020,60.2,25.2,70.7,19.3,16,3.5,15.1,55.8,10.3
Babergh,2021,60.6,36.9,69.4,21.5,16.3,1.8,15.1,55.8,10
Babergh,2022,59.8,36.9,70.9,22.4,13.2,4.4,15.1,55.4,11.1
Babergh,2023,59.4,36.9,77.8,16.6,7,1,15.1,55.8,12.2
Babergh,2024,62.4,29.1,68.5,20.6,10.9,2.6,15.1,56.4,10
Babergh,2025,59.8,25.2,67.4,24.5,13.2,3.2,15.1,55.6,12.2
Basildon,2006,62.1,12.4,69.8,17.9,35.8,20.9,23.6,55.2,10.4
Basildon,2007,64,13.2,59.5,24.6,32.5,3.4,23.6,53.5,10.3
Basildon,2008,63.3,14.5,60.7,21.9,30,0.4,23.6,54.5,10.3
Basildon,2009,62.9,13.7,54.6,29.3,22.5,4.7,23.6,54.6,8.5
Basildon,2010,70.2,24.5,62.3,25.1,21.7,5.1,23.6,56.4,10.2
Basildon,2011,62.2,14.5,67.3,19.6,22.3,6.2,23.6,56.4,9.9
Basildon,2012,60.3,18,62.6,18.6,31.7,3.9,23.6,55.6,9.7
Basildon,2013,60.3,16.6,60.5,27.9,19.3,2.7,23.6,54.2,10.4
Basildon,2014,66.2,24.5,63,26.3,17.5,2.1,23.6,55.8,10
Basildon,2015,69.4,24.5,65.5,24,16.7,1.7,23.6,55.6,10.9
Basildon,2016,70.5,29.1,61,26.3,24,2,23.6,55.8,10.7
Basildon,2017,72.8,36.9,61.9,25.3,25.2,1,23.6,55.6,10.2
Basildon,2018,59.7,36.9,66.5,21.2,23.5,1,23.6,56.4,9.9
Basildon,2019,68.1,29.1,58.4,31,16.4,1.6,23.6,55.8,10.8
Basildon,2020,59.5,25.2,69,21.5,15.5,12.4,23.6,56.4,9.6
Basildon,2021,68.7,28.1,64.7,23.3,14.8,3.7,23.6,55.8,11.5
Basildon,2022,64.2,29.1,73.3,16.5,13.6,4.5,23.6,55.4,9.3
Basildon,2023,60,25.2,66.7,23.4,13.6,1.3,23.6,56.4,10.1
Basildon,2024,58.7,29.1,73,19.2,13.7,1.3,23.6,55.8,11.4
Basildon,2025,60,24.5,67.4,21.5,8.7,2.8,23.6,55.8,8.5
Bedford,2006,69.4,15.2,60.8,23.5,32.5,0.4,19.2,54.2,10.8
Bedford,2007,66.6,16.6,60.5,23.4,31.7,4.8,19.2,55.1,9.9
Bedford,2008,69.5,10.1,54.6,25.9,27.5,3.7,19.2,54.6,8.7
Bedford,2009,68.7,17.8,62.7,24.5,23,1.1,19.2,55.7,10.7
Bedford,2010,68.7,20.7,62.6,21.9,21.2,1.9,19.2,56.6,11.5
Bedford,2011,66.3,18,56.4,31.4,17.7,3.6,19.2,54.6,11.4
Bedford,2012,65.1,25.2,68.1,21.6,27.5,3.4,19.2,56.4,10.7
Bedford,2013,70.1,29.1,62.2,25.4,18,3,19.2,55.4,10.6
Bedford,2014,68.5,24.5,62.3,23.5,15.9,2.5,19.2,55.6,9.9
Bedford,2015,56.7,13.2,63.8,21.5,14.4,2.8,19.2,54.5,9.9
Bedford,2016,60.2,20.7,64.3,22.8,19.4,4.6,19.2,55.8,9.4
Bedford,2017,60.9,27.6,63.5,26.6,21,5.7,19.2,56.4,10.7
Bedford,2018,63.9,24.5,67.7,25.1,20.1,2.6,19.2,55.8,10
Bedford,2019,61.6,29.1,65.2,24.7,10.9,4.4,19.2,55.8,10.3
Bedford,2020,64.8,28.1,65.8,24.5,14.9,1.1,19.2,55.4,12.2
Bedford,2021,66.9,29.1,61.1,27.4,9.9,3,19.2,56.4,12.4
Bedford,2022,65.6,24.5,71.1,21.4,14,3.5,19.2,55.6,10.7
Bedford,2023,62.6,28.1,65.8,24.4,12.7,2,19.2,55.4,12.4
Bedford,2024,61.9,29.1,71.4,21.7,10.9,1,19.2,55.8,10
Bedford,2025,60.5,24.5,69.8,21,7.9,1.1,19.2,55.8,10.3
Braintree,2006,59.6,16.6,63,18.9,32.5,3.4,15.3,56.6,9.9
Braintree,2007,66.6,14.5,63.8,19.1,26.9,3.2,15.3,55,9.3
Braintree,2008,56.3,16.6,64.4,19.1,32.3,7.7,15.3,56.4,12
Braintree,2009,65.1,16.6,58.8,25.5,23.3,1,15.3,54.8,9.4
Braintree,2010,67.5,24.5,71.4,14.9,27,0.8,15.3,56.4,10.7
Braintree,2011,66.4,15.1,60.8,24.5,27,0.8,15.3,55.6,10
Braintree,2012,64,29.1,68.2,19,27.5,2.8,15.3,55.8,12.4
Braintree,2013,69.4,36.9,61.9,23.3,22.9,1.6,15.3,55.6,10.3
Braintree,2014,63.5,10.1,67.3,21.5,24.1,3.3,15.3,55.9,10
Braintree,2015,59.3,15.1,57.8,23.2,16.3,1.4,15.3,55.4,9.7
Braintree,2016,60.8,24.5,66.5,23.2,21.6,2.4,15.3,55.8,11.1
Braintree,2017,63.1,25.2,67.6,19.2,22,1.8,15.3,55.8,10
Braintree,2018,65.1,24.5,63.6,21.2,16.9,0.9,15.3,55.4,10.2
Braintree,2019,61.2,36.9,65.1,23.7,11.8,1.1,15.3,55.4,10.6
Braintree,2020,62,29.1,66.5,20.8,10.9,2.2,15.3,55.6,10.3
Braintree,2021,56.5,29.1,69.1,21.7,16.3,3.9,15.3,56.4,12.2
Braintree,2022,59,28.1,73.4,16.5,18,2.3,15.3,55.4,11.2
Braintree,2023,61.9,36.9,63.5,24.4,11.1,0.5,15.3,56.4,11.4
Braintree,2024,59.6,36.9,63.2,26.3,9.9,2.9,15.3,55.6,9.6
Braintree,2025,61.9,29.1,67.8,21.7,9.9,4.5,15.3,55.4,9
Breckland,2006,62.9,14.5,63,21.5,34.6,7.7,19.8,55.3,10.9
Breckland,2007,70.2,17.8,59.8,22.1,26.5,1.1,19.8,54.4,9
Breckland,2008,57.8,16.6,61.7,21.7,32.3,0.8,19.8,54.2,10.3
Breckland,2009,55.3,15.2,70,16.6,35.8,3.3,19.8,55.4,12.4
Breckland,2010,62.8,13.2,60.8,22.1,32.5,4.4,19.8,54.9,10
Breckland,2011,65.1,24.5,62.8,23.7,22.5,4,19.8,55.8,9.3
Breckland,2012,59.6,16.6,60.8,24.1,20.1,2.1,19.8,56.5,9.4
Breckland,2013,63.2,22.2,60.4,24.8,22.9,1.6,19.8,56.4,9.9
Breckland,2014,64.1,24.5,71.1,18.5,7.7,1.1,19.8,56.4,10.8
Breckland,2015,66,22.2,59.5,30.3,14.4,1.9,19.8,54.9,10
Breckland,2016,59.6,27.6,65,24.5,16.6,2.5,19.8,55.8,12.2
Breckland,2017,64.7,36.9,65.6,22.4,15.5,1.4,19.8,55.4,10
Breckland,2018,67.8,25.2,65.2,23.7,11.4,1.6,19.8,56.4,10
Breckland,2019,66.5,24.5,63.8,23.8,11.5,0.8,19.8,55.8,11.5
Breckland,2020,63.3,29.1,68.7,19.4,7,4.9,19.8,55.4,9.3
Breckland,2021,65.3,29.1,75.1,17.8,11.4,3.5,19.8,55.4,12.2
Breckland,2022,64.4,25.2,72,19.3,11.1,2.5,19.8,55.8,10.7
Breckland,2023,70.6,24.5,61.9,25.9,10.3,3.6,19.8,56.5,10.3
Breckland,2024,56.7,28.1,74.8,15.2,15.5,0.7,19.8,55.8,9.9
Breckland,2025,65,29.1,70.1,21.4,9.9,1.4,19.8,55.6,10
Brentwood,2006,53.1,13.2,67.6,16,32.3,7.7,9.9,54.2,10.4
Brentwood,2007,60.6,21.2,62,21.7,33,2.8,9.9,55.7,10.7
Brentwood,2008,58.1,13.2,61.1,19.8,35.6,0.8,9.9,55.5,10.5
Brentwood,2009,59.8,12.4,64.3,19.4,23.6,0.4,9.9,55.6,11.5
Brentwood,2010,66,21.2,70.9,14.4,27.6,3.2,9.9,55.8,10.7
Brentwood,2011,60.5,27.6,65.5,18.9,30,2.3,9.9,56.4,12.2
Brentwood,2012,66,24.5,65,22.2,10.8,1.4,9.9,55.6,10.2
Brentwood,2013,62.1,21.2,65.3,21.6,25.2,3.2,9.9,56.5,10
Brentwood,2014,62.7,28.1,68,17.4,15.8,3.4,9.9,55.4,9.6
Brentwood,2015,58,24.5,68.6,18.3,26.7,2.3,9.9,55.8,10.7
Brentwood,2016,58.5,28.1,70.1,21.8,23.4,1.2,9.9,56.4,10.7
Brentwood,2017,59.3,24.5,65.8,22.5,25.7,0.4,9.9,55.8,11.1
Brentwood,2018,54.4,28.1,72.9,15.1,27.8,0.8,9.9,55.8,12.2
Brentwood,2019,61,25.2,74.1,16,14.3,0.1,9.9,55.8,10.7
Brentwood,2020,62,25.2,71.4,20.2,11.5,2.9,9.9,56.4,10.8
Brentwood,2021,59.8,28.1,68.7,21.5,13.6,3,9.9,55.8,10.2
Brentwood,2022,55.4,28.1,73.4,18.5,14.9,2,9.9,55.8,11.1
Brentwood,2023,56.9,28.1,73.3,18.6,11.5,2.1,9.9,55.8,10.8
Brentwood,2024,64.8,25.2,68.2,23.7,10.2,1,9.9,55.8,11.1
Brentwood,2025,54.4,29.1,73.1,19,16.9,1,9.9,55.6,10.7
Broadland,2006,57.7,13.2,63.2,18.4,35.6,3.3,11.1,55.5,9.4
Broadland,2007,53.1,12.4,62.7,17.2,33,0.4,11.1,55.8,9.7
Broadland,2008,66.3,13.7,58.8,23.1,21.2,4.5,11.1,55.6,9.6
Broadland,2009,57,13.2,61.1,19.1,31.7,2.2,11.1,54.6,9.1
Broadland,2010,60.9,24.5,66.7,19.8,35.6,3.2,11.1,55.4,10
Broadland,2011,64.8,20.7,60.4,21.9,25.1,1.3,11.1,56.1,10
Broadland,2012,63.2,29.1,73.3,13.4,14.4,1.3,11.1,55.8,11.2
Broadland,2013,61.4,25.2,57.8,25.7,22.8,1.1,11.1,55,10.3
Broadland,2014,64.4,36.9,64.4,21.4,19.8,5.1,11.1,55.4,11.5
Broadland,2015,59.9,29.1,70.1,19.8,12.1,4.2,11.1,55.8,10.6
Broadland,2016,60.9,28.1,72.3,17.8,14.2,3.6,11.1,55.8,10.8
Broadland,2017,59.6,21.6,63,24.5,15.2,3.9,11.1,55.8,10.8
Broadland,2018,59,24.5,69.7,21.3,12.1,3.5,11.1,56.4,10.8
Broadland,2019,66.1,28.1,75.5,17.3,10.8,1.2,11.1,56.4,10.8
Broadland,2020,63.1,28.1,73.7,18.4,14.9,5,11.1,56.4,10
Broadland,2021,54.4,28.1,71.8,17.9,26.4,4,11.1,55.4,10.6
Broadland,2022,55.6,24.5,71,17.1,21.8,1.1,11.1,55.8,10.7
Broadland,2023,58.9,25.2,70.9,19.3,14,7.8,11.1,56.4,10
Broadland,2024,60.1,36.9,73.1,18.3,11.8,2.6,11.1,55.8,12.2
Broadland,2025,55.6,24.5,71.7,22.4,9.9,2.1,11.1,56.4,10
Broxbourne,2006,68.4,15.1,61.9,22.2,26.9,1.3,17.3,55.7,10.3
Broxbourne,2007,61.8,13.7,60.5,24.5,32.5,11.2,17.3,55.4,11.5
Broxbourne,2008,59.5,20.7,63.4,19.6,32.9,4.8,17.3,55.4,10
Broxbourne,2009,66,14.5,56.6,24.6,17.7,1.4,17.3,54.6,9.7
Broxbourne,2010,56.9,14.5,63.4,18.8,20.1,5.1,17.3,55.4,8.2
Broxbourne,2011,66,24.5,58.8,24.7,31.7,1.5,17.3,54.5,10.9
Broxbourne,2012,63.3,18,61.8,21.5,26.2,1.5,17.3,56.5,10.5
Broxbourne,2013,68.3,24.5,65.3,21,21.6,1.7,17.3,55.8,11.5
Broxbourne,2014,56.9,14.5,62.2,21.9,20.1,1,17.3,54.4,8.5
Broxbourne,2015,61.1,27.6,61.6,22.4,23.8,2.2,17.3,56.4,11.1
Broxbourne,2016,64.1,28.1,63.9,26,18.7,0.6,17.3,55.8,10.8
Broxbourne,2017,70.2,25.2,59.5,27.9,18.1,0.3,17.3,55.7,12.2
Broxbourne,2018,64.2,36.9,69.3,20.6,20.7,1.3,17.3,55.8,10.8
Broxbourne,2019,59.1,21.2,60.4,26.8,7.9,1.6,17.3,55.8,12
Broxbourne,2020,61.9,29.1,66.4,23.7,17.5,4.4,17.3,55.6,10.2
Broxbourne,2021,57.4,25.2,73.3,18.4,7.9,3,17.3,55.4,9.4
Broxbourne,2022,66.6,24.5,71.5,21.8,13.2,1.3,17.3,55.8,11.1
Broxbourne,2023,58.9,25.2,77.1,17.2,10.2,2.2,17.3,55.6,10.8
Broxbourne,2024,57.3,29.1,66.5,24.5,14.9,0.9,17.3,55.8,11.1
Broxbourne,2025,61.9,29.1,66.4,25.7,13.2,2.1,17.3,55.4,10.8
Cambridge,2006,66.6,12.4,58.3,22.1,22.5,2.3,13.8,55.6,8.9
Cambridge,2007,55.3,12.4,65.5,17.8,33,0.8,13.8,56.6,10.6
Cambridge,2008,62.4,21.2,67.4,18.9,21.7,3.6,13.8,55.6,11.5
Cambridge,2009,55.3,13.7,64.4,19.4,35.8,13,13.8,54.4,10.4
Cambridge,2010,62.3,20.7,64.7,21.4,23.7,2.2,13.8,56.5,10
Cambridge,2011,61.8,14.5,72.3,14.8,28.7,11.2,13.8,55.4,11.5
Cambridge,2012,60,15.2,63.3,22.6,26.5,3.9,13.8,54.4,10
Cambridge,2013,66.1,19.4,58.6,27.3,18.3,3,13.8,53.5,10.3
Cambridge,2014,65.1,24.5,66.6,18.4,25.7,2.1,13.8,55.8,10.2
Cambridge,2015,50.2,14.5,78.4,13.3,32.9,36.2,13.8,56.4,10.6
Cambridge,2016,50.1,16.6,77.1,13.8,32.3,31.8,13.8,55.8,9.9
Cambridge,2017,43.4,13.7,80.1,12,33,35.4,13.8,55.8,10.1
Cambridge,2018,52.8,13.7,75.2,13.4,34.6,34.6,13.8,56.4,9.9
Cambridge,2019,46.4,16.6,75,15.7,22.5,20.9,13.8,55.4,10
Cambridge,2020,64.8,25.2,75.2,15,16.4,3.2,13.8,55.6,10
Cambridge,2021,58.7,28.1,72.9,17.8,15.5,1.6,13.8,55.6,10
Cambridge,2022,59,29.1,66.5,21.3,9.6,3.1,13.8,55.6,10.6
Cambridge,2023,56.9,28.1,73.1,18.3,24.8,7.9,13.8,56.4,12.2
Cambridge,2024,62.4,28.1,60.5,30.6,11.7,1,13.8,55.4,10.7
Cambridge,2025,58,28.1,71.4,19.4,16.7,1.8,13.8,55.6,12.2
Castle Point,2006,64,13.7,61.4,20.9,34.6,3.2,16.6,54.7,11.4
Castle Point,2007,59.3,10.1,63.5,19.1,34.6,4.8,16.6,54.9,9.6
Castle Point,2008,58.6,13.7,60.7,19.4,35.6,11.2,16.6,54.4,9.3
Castle Point,2009,53.1,13.7,66.7,17.2,34.6,3.4,16.6,56.6,11.1
Castle Point,2010,64.6,21.6,59.6,25.4,17.7,1.9,16.6,54.4,10.4
Castle Point,2011,57.4,10.1,65.2,19.3,27.6,0.8,16.6,53,10.3
Castle Point,2012,59.6,25.2,66.7,19.4,30,3.3,16.6,55.4,12.4
Castle Point,2013,62.6,20.7,70.8,17.3,13.8,2.8,16.6,55.6,10.4
Castle Point,2014,65.1,29.1,61.1,25.4,13.6,2.5,16.6,55.4,9.3
Castle Point,2015,67.5,24.5,69.9,22.1,24.3,2,16.6,56.4,10.7
Castle Point,2016,65.1,28.1,61.3,25,16.7,1.7,16.6,55.6,10.1
Castle Point,2017,67.5,29.1,68.4,21.4,26.2,4.6,16.6,55.8,11.1
Castle Point,2018,65.6,24.5,61.4,27.9,22.9,1.6,16.6,55,10.7
Castle Point,2019,73.7,36.9,66.5,21.5,13.2,1.1,16.6,55.8,10
Castle Point,2020,58.8,28.1,66.7,22.8,24.3,4,16.6,55.6,12.2
Castle Point,2021,59.5,24.5,68.3,21.7,11,1,16.6,55.6,11.4
Castle Point,2022,61.2,36.9,61.1,29.3,15.6,2.8,16.6,56.4,10.8
Castle Point,2023,58.7,28.1,72.9,17.4,10.3,6.6,16.6,55.4,9.9
Castle Point,2024,59.8,29.1,73.7,15.2,10.2,1,16.6,55.4,10.8
Castle Point,2025,55.3,25.2,73.4,21.3,15.4,1.5,16.6,55.4,12.2
Central Bedfordshire,2006,57.2,15.2,64.3,17.2,32.3,5,12.2,56.5,12
Central Bedfordshire,2007,60.7,13.7,62.8,22.1,27.5,6.2,12.2,54.8,9.9
Central Bedfordshire,2008,60,20.7,60.9,21,32.9,4,12.2,54.5,9
Central Bedfordshire,2009,67,18,61.1,24.5,17.5,2.4,12.2,55.7,10
Central Bedfordshire,2010,66.1,29.1,62.6,22.8,15.8,1.7,12.2,56.4,11.5
Central Bedfordshire,2011,54.4,15.2,64.4,18.4,26.9,1.7,12.2,56.5,10.5
Central Bedfordshire,2012,61.2,21.6,63.6,20.8,22.3,6.6,12.2,56.4,9.6
Central Bedfordshire,2013,58.6,27.6,68.7,19.8,24.3,5.9,12.2,55.8,10.8
Central Bedfordshire,2014,60.5,28.1,70.9,17.9,27.5,4.1,12.2,55.6,10.7
Central Bedfordshire,2015,59.8,21.2,66.5,18.8,18.7,0.7,12.2,55.4,10.5
Central Bedfordshire,2016,64.2,24.5,70.8,18,17,3.1,12.2,55.6,10.7
Central Bedfordshire,2017,61,29.1,63.4,22.4,20.8,1.1,12.2,55.4,10
Central Bedfordshire,2018,62.9,24.5,65.3,21.5,15.9,3.7,12.2,55.4,10.6
Central Bedfordshire,2019,58.1,29.1,67,21,7.7,1.1,12.2,55.6,10.3
Central Bedfordshire,2020,60.3,28.1,68.6,22.2,15.2,1,12.2,55.6,10.2
Central Bedfordshire,2021,55.7,24.5,75.1,16,17.9,1.5,12.2,55.6,10.7
Central Bedfordshire,2022,58,24.5,67.2,19.4,12.1,0.7,12.2,55.6,9.6
Central Bedfordshire,2023,62.4,25.2,66.6,23.8,13.2,0.7,12.2,56.4,10.2
Central Bedfordshire,2024,56.9,28.1,67.4,21.2,16.4,5.7,12.2,55.4,10.3
Central Bedfordshire,2025,56.9,29.1,70.8,21.8,15.6,1.3,12.2,56.4,10.8
Chelmsford,2006,58.1,12.4,66.5,16.9,35.8,11.2,12.4,55.4,9.6
Chelmsford,2007,48.9,13.7,75.5,13.3,32.3,31.8,12.4,55.4,10.3
Chelmsford,2008,62.4,12.4,59.8,21.4,22.8,3.7,12.4,55.6,9.1
Chelmsford,2009,54.4,12.4,61.7,21.7,32.9,12,12.4,55.4,10
Chelmsford,2010,66.9,28.1,62.8,21.7,32.5,3.5,12.4,56.4,10.8
Chelmsford,2011,62.6,24.5,65.2,21.5,27.6,6.2,12.4,55.6,10.8
Chelmsford,2012,59.6,12.4,64.7,16.6,25.1,4,12.4,55,10.3
Chelmsford,2013,60.3,21.2,67.8,17.9,26.4,11.2,12.4,55.6,10.7
Chelmsford,2014,58.7,28.1,71.6,17.9,23,4.4,12.4,55.4,10.8
Chelmsford,2015,59.8,20.7,67.3,22.2,21.2,4.4,12.4,55.8,10.6
Chelmsford,2016,63.3,25.2,67.9,22.1,18.4,4.2,12.4,55.6,11.1
Chelmsford,2017,57.4,17.8,62.7,23.7,20.3,5.1,12.4,56.1,11.1
Chelmsford,2018,61.9,25.2,71.4,17.4,22,2,12.4,55.4,10.2
Chelmsford,2019,59.8,29.1,71.1,19.2,17.4,5,12.4,56.4,10
Chelmsford,2020,61.8,24.5,66.5,21,10.9,1.9,12.4,55.4,10.9
Chelmsford,2021,61.1,29.1,75,17,13.6,1.8,12.4,55.8,10.8
Chelmsford,2022,62.1,36.9,74.8,18.5,13.2,3.4,12.4,55.4,10.8
Chelmsford,2023,59.8,29.1,73.1,19.2,14,3.9,12.4,55.4,11.1
Chelmsford,2024,51.1,24.5,75.1,16.8,8.7,0.7,12.4,55.8,10.9
Chelmsford,2025,56.9,24.5,68.5,20.3,11.7,2.5,12.4,55.8,12.4
Colchester,2006,57.8,14.5,59.8,21.7,31.7,4.8,16.9,54.4,9
Colchester,2007,63.2,16.6,58.4,23.7,22.5,3.6,16.9,54.3,9.3
Colchester,2008,59.1,12.4,57.7,25.7,22.5,1.5,16.9,55.6,9.6
Colchester,2009,59.5,17.8,68.1,18.9,35.6,11.2,16.9,56.4,11.1
Colchester,2010,58.7,16.6,60.9,21.7,21.7,4.3,16.9,55.7,9.7
Colchester,2011,60.6,13.7,61.4,24.5,24.4,3.2,16.9,54.8,9.4
Colchester,2012,70.5,15.1,61.8,23.7,14.4,4.6,16.9,53.6,9.3
Colchester,2013,67.2,25.2,63.3,23.4,20.9,1.2,16.9,55.8,10.8
Colchester,2014,63.2,28.1,70.7,17.9,25.7,3.4,16.9,55.4,12.2
Colchester,2015,60.6,21.2,74.3,16.6,22.2,4.8,16.9,55.6,12.2
Colchester,2016,64.4,36.9,67.2,21.6,21.8,5,16.9,56.4,10.7
Colchester,2017,56.5,20.7,67.7,18.4,20.3,2.2,16.9,56.4,9.9
Colchester,2018,60,29.1,71.4,17.2,24.5,2.4,16.9,55.4,9.3
Colchester,2019,62.4,28.1,72.6,17.9,19.8,2.8,16.9,55.8,10.8
Colchester,2020,62,36.9,73.7,17.1,10.9,2.6,16.9,55.8,9.9
Colchester,2021,69.1,36.9,69,21.9,13.6,3.4,16.9,56.4,10.7
Colchester,2022,57.9,19.4,60.5,27.4,9.6,4,16.9,54.2,9.4
Colchester,2023,54,24.5,74.9,15.3,13.7,1.5,16.9,55.8,10.4
Colchester,2024,62.9,28.1,66.3,25.1,9.9,3.3,16.9,55.8,12.2
Colchester,2025,55.3,28.1,71.1,19.6,14.9,2.6,16.9,55.8,9.4
Dacorum,2006,68.5,13.7,59.9,21.7,35.6,5.5,12.2,52.8,10.6
Dacorum,2007,68,21.2,62.8,19.5,21.7,4.5,12.2,56.1,9.4
Dacorum,2008,59.8,13.2,63.3,19.3,35.6,12,12.2,54.9,11.2
Dacorum,2009,58.8,13.7,61.8,19.1,32.5,7.7,12.2,55.6,9
Dacorum,2010,55.6,12.4,65,18.3,21.7,2.8,12.2,56.6,9
Dacorum,2011,64,18,62.7,21.2,25.9,2.8,12.2,55.4,10
Dacorum,2012,66.6,28.1,60.8,24.7,19.4,2.8,12.2,55.2,10.7
Dacorum,2013,58.7,24.5,61.1,24.7,23.4,4.6,12.2,55.2,10
Dacorum,2014,57.8,29.1,70.1,17.8,32.5,3.2,12.2,56.4,10
Dacorum,2015,57.1,21.2,65.5,25,19.4,1.2,12.2,55.2,10.8
Dacorum,2016,61.7,28.1,72.3,19,20.2,3.5,12.2,55.8,10
Dacorum,2017,60.7,24.5,68.3,19.6,20.1,1.8,12.2,55.4,10.2
Dacorum,2018,58.8,29.1,73.3,15.8,22.6,1.6,12.2,56.4,10
Dacorum,2019,60.3,25.2,75.2,17.2,14,0.8,12.2,55.8,11.1
Dacorum,2020,62.7,28.1,67.6,22.1,14.9,2.6,12.2,55.8,12.2
Dacorum,2021,70.5,25.2,69,20.9,8.7,0.8,12.2,55.6,12.2
Dacorum,2022,63.2,24.5,61.7,25.8,11.1,2.4,12.2,54.4,10
Dacorum,2023,55.4,29.1,74.3,16.9,14.4,1.5,12.2,56.4,10
Dacorum,2024,55.6,25.2,66.4,21,10.9,4,12.2,55.6,9.9
Dacorum,2025,57.6,28.1,71.4,19.3,8.7,2,12.2,55.8,11.1
East Cambridgeshire,2006,62.7,13.2,63.8,19.3,35.8,13,12.1,56.1,9.9
East Cambridgeshire,2007,60.7,15.2,65.1,19.2,32.5,11.2,12.1,54.7,10
East Cambridgeshire,2008,61.9,20.7,68.6,14.9,35.8,13,12.1,55.6,10.9
East Cambridgeshire,2009,51.1,14.5,71.8,13.8,31.7,31.8,12.1,56.4,10.3
East Cambridgeshire,2010,58.5,13.2,68.2,17.8,21.2,0.4,12.1,55.4,10.3
East Cambridgeshire,2011,60.3,19.4,71.4,15,27,11.2,12.1,56.4,10.6
East Cambridgeshire,2012,60.1,15.1,63.4,18.8,27.6,1.7,12.1,55.7,9.6
East Cambridgeshire,2013,58.8,14.5,59.9,22.1,23.4,2.3,12.1,55.3,9
East Cambridgeshire,2014,60.5,15.1,63.3,21.9,13.6,3.7,12.1,55.9,9.7
East Cambridgeshire,2015,66.3,25.2,63.6,24.6,19.3,4.3,12.1,55.8,12.2
East Cambridgeshire,2016,58.6,24.5,62.8,23.3,25.1,3.5,12.1,55.8,10.2
East Cambridgeshire,2017,60,28.1,67.4,19.9,16.1,4.3,12.1,55.8,9.4
East Cambridgeshire,2018,62.2,29.1,66.2,20.3,20.8,4.4,12.1,56.4,10.7
East Cambridgeshire,2019,58.8,24.5,70.9,16,15,2.9,12.1,55.4,10
East Cambridgeshire,2020,62.1,29.1,67.1,19.3,16.9,1.7,12.1,55.4,9.4
East Cambridgeshire,2021,61.8,25.2,65.2,21.5,15.6,2.2,12.1,55.8,11.5
East Cambridgeshire,2022,58.9,29.1,68.3,21.5,10.3,2.6,12.1,56.4,12.2
East Cambridgeshire,2023,61.9,36.9,70.7,19.4,10.9,5,12.1,55.8,10.7
East Cambridgeshire,2024,54.4,29.1,75,15.8,10.3,4.7,12.1,55.8,10.3
East Cambridgeshire,2025,50.3,28.1,75,15.2,14.3,1.6,12.1,56.4,11.5
East Hertfordshire,2006,57.8,15.2,62.3,19,35.8,2.9,8.1,55,12.4
East Hertfordshire,2007,60.8,13.2,64.9,22.1,20.1,3.9,8.1,52.8,11.2
East Hertfordshire,2008,57.7,10.1,66.2,18.9,35.6,13,8.1,54.6,10.7
East Hertfordshire,2009,58.8,12.4,62.3,19.6,22.9,1.7,8.1,54.9,10.1
East Hertfordshire,2010,60.3,12.4,66.5,20.2,14.2,1.5,8.1,56.1,10
East Hertfordshire,2011,58.7,21.2,65.7,19.4,25,4.7,8.1,55.8,10
East Hertfordshire,2012,63.3,29.1,66,18.9,17.7,0.9,8.1,55.8,10.9
East Hertfordshire,2013,54,10.1,68.2,14.8,26.9,5.9,8.1,55.2,9.9
East Hertfordshire,2014,60.3,25.2,61.8,24.5,22.9,2.1,8.1,54.5,11.1
East Hertfordshire,2015,55.6,25.2,72,17,23.3,3.2,8.1,56.4,10.8
East Hertfordshire,2016,57.8,25.2,73.3,18.5,22.9,0.9,8.1,55.8,10.7
East Hertfordshire,2017,54,18,70.9,18.9,24.4,0.4,8.1,56.4,10.8
East Hertfordshire,2018,62.7,29.1,72.8,16,21.9,1,8.1,55.6,10.8
East Hertfordshire,2019,62.4,28.1,71.1,18.9,14.9,0.5,8.1,56.4,12.2
East Hertfordshire,2020,55.6,36.9,73.1,14.4,15.9,1.8,8.1,56.4,12.2
East Hertfordshire,2021,58.7,29.1,74.8,17,11.1,0.8,8.1,55.8,12.2
East Hertfordshire,2022,58.9,29.1,75.2,16.6,11.7,1.1,8.1,55.8,10.8
East Hertfordshire,2023,54.4,36.9,72,18.6,11.1,2.1,8.1,56.4,10.2
East Hertfordshire,2024,58.2,29.1,73.7,18.6,9.6,4,8.1,55.6,12.2
East Hertfordshire,2025,55.6,36.9,74.7,17.9,9.9,1.3,8.1,55.8,11.1
East Suffolk,2006,63.2,17.8,66.2,18.4,31.7,4,12.4,55,10
East Suffolk,2007,59.6,12.4,63.7,20.9,32.3,3.4,15.7,54.5,10
East Suffolk,2008,61,13.2,67.9,15.2,32.3,3.4,11,56.6,10.2
East Suffolk,2009,69.1,14.5,63.9,22.6,14.8,3.2,12.9,54.8,11.5
East Suffolk,2010,52.8,13.7,72.6,15.1,32.3,36.2,23.4,55.8,8.9
East Suffolk,2011,55.8,13.7,62.6,20.9,32.5,0.4,15.7,54.2,8.7
East Suffolk,2012,58.7,15.1,62.6,21,18.4,4.2,8.1,54.7,10.1
East Suffolk,2013,60.2,28.1,69.7,17.2,21.7,7.8,9.7,56.4,9.6
East Suffolk,2014,68.4,24.5,59.5,24.8,19.2,2.1,28.4,55.8,9.7
East Suffolk,2015,62.5,22.2,61.7,21.8,19.4,1.4,12.2,56.4,10
East Suffolk,2016,59.7,24.5,65.8,23.8,20.9,7.8,19.8,55.8,10.3
East Suffolk,2017,62.7,29.1,65.2,23.7,23.5,3.4,28.8,55.8,10.3
East Suffolk,2018,63.3,36.9,66.3,20.9,16.3,3.4,15.3,55.8,11.5
East Suffolk,2019,63.5,28.1,72.6,17.1,12.3,2.5,15.3,55.8,11.4
East Suffolk,2020,56.2,24.5,75.5,17,18.7,5.9,11.8,55.6,11.1
East Suffolk,2021,64,21.6,60.9,27.4,10.2,1.9,27.7,55.8,9.3
East Suffolk,2022,57.3,24.5,64.3,24,12.1,0.4,15.7,55.4,11.1
East Suffolk,2023,64,25.2,68.6,22.1,13.6,1.5,23.6,55.8,10.7
East Suffolk,2024,49.8,15.1,65,22.8,20.1,1.5,15.3,55.4,10.3
East Suffolk,2025,59,36.9,71.1,17.9,10.9,1,8.1,55.8,9.9
Epping Forest,2006,64,14.5,59.8,24.5,32.5,0.4,15.3,55.9,10.7
Epping Forest,2007,70.5,17.8,58.8,22.3,35.6,0.4,15.3,55.4,10.8
Epping Forest,2008,63.5,29.1,61.6,23.2,35.6,2.8,15.3,56.4,10.7
Epping Forest,2009,68.7,36.9,64.3,19.1,35.6,4,15.3,56.4,10.3
Epping Forest,2010,58.6,21.6,57.8,25.1,21.7,1.4,15.3,55.6,10.4
Epping Forest,2011,60.7,29.1,68.3,18.4,32.3,3.2,15.3,56.4,12.4
Epping Forest,2012,59.8,13.7,64.4,19.6,16.3,1.5,15.3,55.8,9.7
Epping Forest,2013,65.6,24.5,65.2,19.1,20.1,1.5,15.3,55.4,10.5
Epping Forest,2014,63.2,24.5,68.1,21.8,14.8,2.7,15.3,55.6,10
Epping Forest,2015,58.7,22.2,68.7,18,20,2.1,15.3,56.4,10.2
Epping Forest,2016,58.8,36.9,67.6,19,24.4,0.7,15.3,55.4,10.9
Epping Forest,2017,58.9,25.2,69.8,18.5,24.6,2.7,15.3,56.4,10.3
Epping Forest,2018,62.4,22.2,67.4,19.5,24.1,1.3,15.3,56.4,10
Epping Forest,2019,62.1,25.2,68.1,19.9,13.8,2.5,15.3,56.4,11.5
Epping Forest,2020,63.1,28.1,63,23.3,15.5,1.4,15.3,55.6,10.3
Epping Forest,2021,61.7,29.1,69.9,19.1,10.2,3.2,15.3,55.4,9.9
Epping Forest,2022,62.7,29.1,69.8,21.5,11.7,2.8,15.3,55.4,10.7
Epping Forest,2023,60.1,29.1,74.3,14.4,13.6,1.6,15.3,55.6,10.5
Epping Forest,2024,59.8,25.2,73.7,18.3,13.6,4,15.3,55.6,10
Epping Forest,2025,57.2,25.2,69,20.9,8.7,1,15.3,55.6,10.4
Fenland,2006,55.7,16.6,61.9,22.1,35.8,13,25.4,55.8,10
Fenland,2007,68.5,21.6,60.8,23.9,32.9,7.8,25.4,55.2,10.1
Fenland,2008,59.5,13.7,61.9,23.8,34.6,11.2,25.4,55.9,10.1
Fenland,2009,65.2,25.2,69,17.8,33,1.3,25.4,55.6,9.4
Fenland,2010,64,29.1,66.7,19.6,35.8,3.2,25.4,55.6,11.4
Fenland,2011,66.9,12.4,59.5,24.7,18.4,1.8,25.4,55.7,9
Fenland,2012,58.1,14.5,59.5,24.6,26.3,7.7,25.4,54.2,9.3
Fenland,2013,64.1,10.1,63.6,23.7,10.8,2.6,25.4,54.9,8.5
Fenland,2014,62.3,16.6,60.7,27.9,20.1,2.4,25.4,54.4,10.6
Fenland,2015,71.6,28.1,64.7,25.5,17.6,3.2,25.4,56.4,11.1
Fenland,2016,70.7,25.2,60.7,27.2,14.9,3,25.4,55.4,11.4
Fenland,2017,68.5,28.1,59,30.6,12.7,1.9,25.4,55.8,10.9
Fenland,2018,71.5,36.9,62.8,24.8,16.4,3,25.4,55.6,9.3
Fenland,2019,74.5,28.1,62.7,27.4,11.7,2.8,25.4,55.4,10
Fenland,2020,60,15.2,67,22.4,18.1,6.6,25.4,60.3,15.2
Fenland,2021,50.2,20.4,71.4,20.2,15.8,2.8,25.4,70.6,20.4
Fenland,2022,45.4,25.4,69.4,24.5,10.2,2.8,25.4,75.4,25.4
Fenland,2023,43.8,30.2,71.4,22.5,13.2,7.8,25.4,80.1,30.2
Fenland,2024,42.9,33.2,59.5,25.4,10.2,5,25.4,82,33.2
Fenland,2025,37,34.5,68.7,23.8,11.7,4.1,25.4,84.4,34.5
Great Yarmouth,2006,68,13.7,54.8,28.5,30,4.8,32.4,55.6,9.3
Great Yarmouth,2007,62.4,13.7,69,19.8,34.6,3.3,32.4,56.4,11.4
Great Yarmouth,2008,65.8,13.2,57.7,28.5,18.4,3.9,32.4,54.3,8.2
Great Yarmouth,2009,66.2,12.4,57.7,27.1,18.4,2.1,32.4,54.9,8.2
Great Yarmouth,2010,69.4,17.8,58.4,24.8,21.7,3.7,32.4,54.3,9.4
Great Yarmouth,2011,62.3,13.7,56.6,25.9,21.7,0.5,32.4,55.1,8.2
Great Yarmouth,2012,64.7,14.5,60.7,27.3,15.8,1.8,32.4,54.4,9.7
Great Yarmouth,2013,68.1,21.6,57.8,23.2,26.9,0.1,32.4,55.2,9.4
Great Yarmouth,2014,69,10.1,62.3,27.3,16.7,3.4,32.4,54.7,10.4
Great Yarmouth,2015,66.2,18,58.8,27.9,15.8,3.7,32.4,56.1,10.4
Great Yarmouth,2016,66.7,15.1,54.6,29.8,13.6,4.9,32.4,54.6,9.3
Great Yarmouth,2017,64.6,29.1,62.6,23.2,18,2.9,32.4,55.6,9.3
Great Yarmouth,2018,67.2,25.2,63.3,24.6,17.5,3.6,32.4,55.8,10
Great Yarmouth,2019,66.3,10.1,56.4,35.1,10.2,1.7,32.4,55.9,10.8
Great Yarmouth,2020,68.1,25.2,63.2,28.5,24.1,1.5,32.4,56.4,11.1
Great Yarmouth,2021,68.5,28.1,68.1,25.5,15.2,1.5,32.4,55.6,10.2
Great Yarmouth,2022,64.6,36.9,66.7,23.8,16.7,2.8,32.4,55.4,9.3
Great Yarmouth,2023,62.3,29.1,64.7,25.1,12.2,1.1,32.4,55.4,10.2
Great Yarmouth,2024,67,24.5,58.3,35.1,10.2,1.1,32.4,55.2,12.2
Great Yarmouth,2025,67.8,28.1,65.2,25.1,11.7,3,32.4,56.4,10.3
Harlow,2006,62.9,16.6,58.8,26,32.3,0.8,23.6,55.9,10.2
Harlow,2007,64.7,15.2,61.4,23.5,34.6,3.4,23.6,54.3,9.9
Harlow,2008,70.5,15.2,58.8,25.4,20.1,4.7,23.6,55.6,10.4
Harlow,2009,56.7,13.7,60.7,25.1,35.8,13,23.6,55.6,10.2
Harlow,2010,61.9,12.4,57.8,27.1,32.5,6,23.6,53.5,10.3
Harlow,2011,66.9,15.1,58,25.8,17.7,1.7,23.6,55.6,9
Harlow,2012,68.7,16.6,57.7,27.1,15.4,4.5,23.6,55.7,10
Harlow,2013,66,21.6,61,27.3,16.4,2.8,23.6,54.4,10
Harlow,2014,65.1,36.9,65.8,23.2,21.7,3.5,23.6,55.4,10.2
Harlow,2015,70.5,36.9,60.8,29.3,21.7,2,23.6,55.6,11.1
Harlow,2016,66.9,24.5,62.8,23.3,23.1,3.4,23.6,55.8,12
Harlow,2017,68.5,28.1,63.3,25.4,18,2.9,23.6,55.4,10.2
Harlow,2018,68,20.7,59.8,27.1,16.7,2.6,23.6,54.2,10.1
Harlow,2019,63.5,28.1,60.7,22.3,15.4,0.7,23.6,56.4,9.7
Harlow,2020,58.7,20.7,60.7,27.2,24.1,2.2,23.6,56.4,10.3
Harlow,2021,60.8,28.1,67.4,21.7,17.5,2.1,23.6,55.4,9.6
Harlow,2022,70.7,36.9,63.5,25.1,10.2,2,23.6,55.6,11.1
Harlow,2023,60.9,29.1,67.9,20.7,14.9,1.4,23.6,55.8,9.6
Harlow,2024,60.3,29.1,69,24.5,10.2,3.7,23.6,56.4,10.2
Harlow,2025,59.4,24.5,66.2,23.7,9.9,1.9,23.6,56.4,9.9
Hertsmere,2006,55.6,13.7,69,17.2,32.5,34.6,12.9,55.8,8.2
Hertsmere,2007,62.2,17.8,65.8,17.8,35.6,0.8,12.9,55.8,10
Hertsmere,2008,60.6,18,65.8,20.4,21.7,4.8,12.9,56.6,10.6
Hertsmere,2009,65.3,29.1,62.8,19.1,32.5,3.2,12.9,55.8,11.4
Hertsmere,2010,61.9,13.7,62.7,18.4,24.5,2.8,12.9,52.8,10
Hertsmere,2011,60.5,18,63.3,21.7,20.1,1.8,12.9,54.2,10
Hertsmere,2012,62.7,13.7,61.4,24.5,27.8,20.9,12.9,55.9,11.1
Hertsmere,2013,68.3,36.9,58.7,24.8,25.7,0.7,12.9,55.4,10.8
Hertsmere,2014,52.8,17.8,74.7,16.8,32.9,20.9,12.9,55.8,10.8
Hertsmere,2015,60.3,22.2,61.1,21.7,23.2,2.1,12.9,56.5,11.4
Hertsmere,2016,65.2,36.9,63,25.3,21.2,0.8,12.9,56.4,11.1
Hertsmere,2017,60.5,29.1,63.2,20.7,18.8,1.4,12.9,55.8,9.3
Hertsmere,2018,56.3,24.5,69,15.2,25.1,1,12.9,56.4,11.2
Hertsmere,2019,59.6,29.1,66.7,20.9,16.2,0.1,12.9,55.6,11.4
Hertsmere,2020,59.6,24.5,67.4,20.9,16,12.4,12.9,56.4,10.6
Hertsmere,2021,55.4,25.2,72.6,18.5,11.5,2,12.9,55.8,10.8
Hertsmere,2022,59.6,25.2,73.3,18.6,11.5,4.2,12.9,55.8,10.2
Hertsmere,2023,58.9,24.5,69,21.4,9.9,1,12.9,55.6,10.8
Hertsmere,2024,51.1,24.5,71.9,21.3,15.6,5.9,12.9,55.4,11.4
Hertsmere,2025,54.4,24.5,73.7,17.9,8.7,3.7,12.9,55.8,10
Tendring,2006,59.5,13.7,64.7,18.4,32.9,3.2,11.8,55.1,11.5
Tendring,2007,61.8,15.1,62.8,21.6,30,5.9,11.8,54.9,9.9
Tendring,2008,62.2,16.6,60.8,19.3,21.7,4.4,11.8,55,10.2
Tendring,2009,61.6,13.7,60.4,20.6,32.5,3.2,11.8,54.7,9
Tendring,2010,60,13.7,64.9,18,27.6,4.8,11.8,55.2,9
Tendring,2011,66.6,24.5,66.7,20.4,19.4,3.2,11.8,56.4,10.8
Tendring,2012,58.9,36.9,68.4,17.3,31.7,2.3,11.8,56.4,11.1
Tendring,2013,64.8,25.2,66.7,17.2,20,3.7,11.8,55.6,9.9
Tendring,2014,69.5,36.9,58.4,25.1,22.9,2.7,11.8,55.4,10.9
Tendring,2015,63.3,20.7,62.8,23.1,15.8,3.5,11.8,54.9,9.4
Tendring,2016,66.4,36.9,75.1,15,23,2.3,11.8,55.8,11.1
Tendring,2017,65.1,25.2,66.6,21.4,17.4,4.5,11.8,55.8,12.2
Tendring,2018,68,25.2,62.7,25.1,16.9,4,11.8,55.7,10.8
Tendring,2019,64.8,28.1,71.4,20.2,14.2,1.9,11.8,55.4,11.1
Tendring,2020,64.2,25.2,63,24,13.6,1.6,11.8,55.2,10
Tendring,2021,58.7,25.2,71.9,20.6,20.7,3.4,11.8,55.6,12.2
Tendring,2022,56.2,28.1,75.2,17,13.2,4.8,11.8,55.8,10.8
Tendring,2023,64.8,29.1,73.9,19.2,11.1,3.2,11.8,55.6,10.8
Tendring,2024,55.6,28.1,68.3,20.3,15.6,2.1,11.8,56.4,10.6
Tendring,2025,49.8,29.1,74.9,16,13.6,6.2,11.8,56.4,12.4
Ipswich,2006,67.6,13.2,54.8,27.1,31.7,2.3,26.1,53,10.2
Ipswich,2007,71.5,29.1,61.6,23.8,30,2.9,26.1,56.4,10
Ipswich,2008,60.3,14.5,60.8,24.4,34.6,20.9,26.1,54.3,10.2
Ipswich,2009,64,12.4,58.7,23.5,25.7,3.2,26.1,55.4,8.5
Ipswich,2010,64.1,12.4,56.4,29.3,27.5,2.8,26.1,54.6,10.1
Ipswich,2011,68.3,27.6,63.3,21.9,20.9,1.3,26.1,55.8,10.6
Ipswich,2012,64.7,13.7,58.8,26,23.5,4.7,26.1,53.6,8.2
Ipswich,2013,68.4,17.8,58.4,30.3,14.8,2.6,26.1,52.8,10
Ipswich,2014,70.5,25.2,63.4,25.1,13.6,1.3,26.1,56.4,10.7
Ipswich,2015,60.6,27.6,65.8,21.3,27.5,5.5,26.1,55.8,9.7
Ipswich,2016,61.2,18,63.5,18.6,21.7,4.1,26.1,55.8,9.7
Ipswich,2017,68.4,28.1,67.5,21,25.7,4.5,26.1,55.8,12.2
Ipswich,2018,69,24.5,59.6,25.9,23.3,4.5,26.1,56.6,9.9
Ipswich,2019,63.2,28.1,64.1,25.8,13.6,1.1,26.1,55.8,10.6
Ipswich,2020,68.3,25.2,67.7,23.8,13.2,3.4,26.1,55.6,10.9
Ipswich,2021,66.3,28.1,66.9,21.2,13.6,4.7,26.1,55.8,10.2
Ipswich,2022,68.3,28.1,68.6,21.5,17.9,4.7,26.1,55.8,9.4
Ipswich,2023,70.5,28.1,66.9,25.7,10.2,0.5,26.1,55.8,10
Ipswich,2024,66.8,29.1,66.7,26.3,11.1,2.8,26.1,55.6,9.9
Ipswich,2025,62.5,25.2,60.4,30.3,9.6,0.8,26.1,55.8,10.6
King's Lynn and West Norfolk,2006,69.4,24.5,61.1,23.3,32.3,4.6,23.4,55.6,12.2
King's Lynn and West Norfolk,2007,66.5,21.2,61.4,23.5,33,3.3,23.4,55.2,10.9
King's Lynn and West Norfolk,2008,64,16.6,58.4,21.7,30,5.5,23.4,56.1,11.2
King's Lynn and West Norfolk,2009,63.3,10.1,63.2,22.1,23.7,2.2,23.4,54.9,10.3
King's Lynn and West Norfolk,2010,58.5,13.2,59.6,25.3,25.7,1.7,23.4,55.6,12
King's Lynn and West Norfolk,2011,65.1,22.2,67.7,19.6,26.5,4.4,23.4,56.4,11.4
King's Lynn and West Norfolk,2012,66.4,10.1,61.1,24.4,21.2,1.3,23.4,55.9,10.3
King's Lynn and West Norfolk,2013,66.3,22.2,57.8,27.4,21.2,1.3,23.4,54.9,10.4
King's Lynn and West Norfolk,2014,69.4,22.2,58.7,27.4,21.2,3,23.4,55,9.9
King's Lynn and West Norfolk,2015,66.8,24.5,67.6,20.9,12.1,1.5,23.4,55.8,9.3
King's Lynn and West Norfolk,2016,70.1,36.9,62.3,27.4,16.3,2.7,23.4,55.8,9.4
King's Lynn and West Norfolk,2017,62.3,21.6,55.5,29.5,18.9,1,23.4,54.4,8.7
King's Lynn and West Norfolk,2018,67.3,25.2,66.6,21.7,14.9,2.3,23.4,56.4,10.6
King's Lynn and West Norfolk,2019,62.8,24.5,64.9,25.7,10.3,2.1,23.4,55.4,10.3
King's Lynn and West Norfolk,2020,67.8,36.9,65,24.6,16.2,3.7,23.4,55.4,11.5
King's Lynn and West Norfolk,2021,60.3,36.9,64.7,24.6,16.4,2.8,23.4,55.4,9.7
King's Lynn and West Norfolk,2022,59.1,24.5,69,20.9,19.3,1.9,23.4,56.4,10
King's Lynn and West Norfolk,2023,63.3,25.2,75.2,15.2,14.9,2,23.4,55.6,10.1
King's Lynn and West Norfolk,2024,59.7,29.1,71.1,19.3,12.1,1.4,23.4,55.6,10.4
King's Lynn and West Norfolk,2025,61.1,36.9,68.5,21.7,14.9,0.7,23.4,55.4,9.6
Luton,2006,60.5,13.7,64.7,19.2,32.9,0.4,27.6,54.9,10.5
Luton,2007,68,15.1,58.8,23.3,35.8,4.1,27.6,55.1,9.7
Luton,2008,63.3,12.4,61.4,23.2,27.5,7.7,27.6,54.7,10.6
Luton,2009,69.5,12.4,55.5,27.4,17.7,2.8,27.6,53.5,9.7
Luton,2010,61.7,12.4,63.2,21.4,32.5,0.4,27.6,55.2,12
Luton,2011,68,24.5,62.6,23.5,22.8,2.8,27.6,55.8,9.3
Luton,2012,60.2,16.6,62.8,25,20.9,3.9,27.6,56.5,10
Luton,2013,62.3,14.5,63.4,24,20.1,1.7,27.6,55.8,10.1
Luton,2014,70.2,19.4,59,28.5,25.2,4,27.6,55.4,12
Luton,2015,65.1,20.7,61.8,24.7,19.8,3.4,27.6,55.8,8.7
Luton,2016,64,21.6,59.9,27.1,23.5,1.5,27.6,55.4,10.3
Luton,2017,60.6,17.8,58.7,28,18.3,0.9,27.6,55.7,10.4
Luton,2018,67,25.2,56.6,32.6,16.2,0.7,27.6,54.9,9.9
Luton,2019,70.7,25.2,57.7,30.3,13.4,0.2,27.6,54.4,10.6
Luton,2020,65.1,29.1,71,19.6,16.1,2.1,27.6,55.6,9.6
Luton,2021,64,36.9,69.3,22.6,10.2,3.9,27.6,55.8,9.9
Luton,2022,70.2,36.9,70,25,8.7,0.3,27.6,55.8,12.2
Luton,2023,65.1,24.5,69.1,21.4,10.3,3,27.6,56.4,10.4
Luton,2024,64.2,29.1,70.8,21.4,10.3,2.5,27.6,55.6,10.7
Luton,2025,55.8,25.2,75.5,16.5,10.9,4.6,27.6,56.4,10.1
Maldon,2006,66.6,14.5,62.7,18,30,1.7,14.5,54.8,9.3
Maldon,2007,65.1,13.2,54.6,25,30,2.1,14.5,53.5,9.7
Maldon,2008,61.7,22.2,66.6,18.3,35.8,6.2,14.5,56.4,10
Maldon,2009,67.8,18,62.3,21.9,20.1,0.6,14.5,55.6,9.9
Maldon,2010,63.2,25.2,66.2,20.4,35.8,5.9,14.5,55.6,12.2
Maldon,2011,65.6,36.9,63.4,22.8,23.8,3.2,14.5,55.4,12.4
Maldon,2012,62.8,10.1,59,24.6,17.6,1.4,14.5,54.2,10.3
Maldon,2013,64.8,24.5,66.7,18.7,23,4.4,14.5,55.4,10.3
Maldon,2014,57.8,10.1,65,20.3,22.8,7.8,14.5,54.9,9.1
Maldon,2015,58.6,20.7,68.6,19.4,16,1.1,14.5,56.4,12.2
Maldon,2016,57.9,24.5,67.4,19.1,15.5,1.5,14.5,55.4,12
Maldon,2017,65.6,29.1,68.4,19.1,17.5,1.9,14.5,56.4,12.2
Maldon,2018,66.6,28.1,69.7,19.7,16,1.3,14.5,56.4,11.1
Maldon,2019,59.6,28.1,73.7,15.3,18,2.8,14.5,55.4,9.9
Maldon,2020,61,24.5,70.8,16.6,24.3,2.8,14.5,56.4,10.2
Maldon,2021,62.1,29.1,57.8,28,10.3,1.9,14.5,55.8,9.6
Maldon,2022,62.7,25.2,70.5,21.5,13.2,2,14.5,55.8,10.8
Maldon,2023,59.8,24.5,67.1,23.2,9.9,1.3,14.5,56.4,10.8
Maldon,2024,61.6,29.1,73.7,19.4,10.9,4.3,14.5,55.4,10.2
Maldon,2025,54,24.5,69.8,21.7,7,1.4,14.5,55.8,9.9
Mid Suffolk,2006,62.9,13.7,64.4,21.8,21.7,1.7,12.7,53.5,10.6
Mid Suffolk,2007,61.9,13.7,60.5,19.9,30,4,12.7,54.7,9
Mid Suffolk,2008,60.3,10.1,65.1,22.4,31.7,3.4,12.7,55.4,10.8
Mid Suffolk,2009,66.3,21.2,58.3,25.7,23.7,1.6,12.7,54.9,10.7
Mid Suffolk,2010,57.8,13.7,62.3,21.5,27.5,1.3,12.7,54.3,9.3
Mid Suffolk,2011,59,13.2,59.8,22.1,22.9,2.1,12.7,55.6,12.4
Mid Suffolk,2012,61.4,28.1,68,16.5,35.6,1.3,12.7,56.4,10
Mid Suffolk,2013,66.7,29.1,63.7,24.5,15.4,1,12.7,55.8,10
Mid Suffolk,2014,58.1,14.5,66.2,20.4,14.8,2.5,12.7,55.4,9.3
Mid Suffolk,2015,70.5,29.1,63.7,22.8,14.8,5,12.7,55.8,10.7
Mid Suffolk,2016,64.1,29.1,65.7,21.4,15.5,3.3,12.7,55.4,11.4
Mid Suffolk,2017,68.7,29.1,66.2,21.9,12.2,0.4,12.7,55.8,11.1
Mid Suffolk,2018,61.4,36.9,71.6,18.7,12.2,1.5,12.7,55.6,10.3
Mid Suffolk,2019,61.8,36.9,70.5,17.1,13.6,1.1,12.7,55.4,11.4
Mid Suffolk,2020,51.1,10.1,63.3,21.7,23.5,4,12.7,55.6,10.2
Mid Suffolk,2021,59.8,36.9,72.3,19.8,9.6,3.7,12.7,56.4,12.4
Mid Suffolk,2022,58.1,29.1,75.2,15.8,8.7,3.4,12.7,55.8,12.4
Mid Suffolk,2023,58.5,29.1,67.7,21.4,18.1,3.5,12.7,55.4,10.8
Mid Suffolk,2024,64.8,25.2,68.4,21.4,9.9,1.5,12.7,55.4,11.1
Mid Suffolk,2025,62.4,25.2,69,21.4,13.6,1.7,12.7,55.8,11.1
North Hertfordshire,2006,59.4,13.7,68,13.9,30,7.7,11.6,54.5,9.1
North Hertfordshire,2007,61.9,20.7,70.9,15,31.7,4,11.6,55.4,11.4
North Hertfordshire,2008,59.3,17.8,62.6,22.1,30,1.7,11.6,54.4,10.3
North Hertfordshire,2009,58.9,16.6,67.7,16,23.2,3.4,11.6,56.4,10
North Hertfordshire,2010,70.6,24.5,58.8,25.7,21.7,2.5,11.6,54.7,10.2
North Hertfordshire,2011,64,15.2,58.8,25.4,22.3,4.3,11.6,53.5,10.4
North Hertfordshire,2012,58.8,21.6,59.6,23.4,21.6,1.9,11.6,56.1,10
North Hertfordshire,2013,57.9,36.9,70.7,16.9,31.7,2.8,11.6,55.8,10.8
North Hertfordshire,2014,64.3,29.1,64.2,25,15.5,2.2,11.6,55.8,10.8
North Hertfordshire,2015,60.1,29.1,70.7,17.9,26.4,2.2,11.6,55.6,10
North Hertfordshire,2016,62.1,25.2,67.6,20.4,29.2,2.8,11.6,55.6,11.1
North Hertfordshire,2017,63.2,28.1,64.4,22.8,23.3,3.7,11.6,55.8,12.2
North Hertfordshire,2018,58.2,25.2,71.7,14.9,24.8,1.3,11.6,55.4,11.5
North Hertfordshire,2019,61.6,28.1,65,22.1,15.8,2,11.6,55.6,10.1
North Hertfordshire,2020,59.4,29.1,70,18.7,16.4,3.4,11.6,55.8,10.2
North Hertfordshire,2021,55.4,36.9,73,17.3,19.2,2.3,11.6,55.6,10.2
North Hertfordshire,2022,50.3,24.5,63.5,23.7,18,3.4,11.6,56.4,10.6
North Hertfordshire,2023,57.4,25.2,65.1,21.5,8.7,1.5,11.6,55.8,10.4
North Hertfordshire,2024,51.1,25.2,74.8,16.9,19.3,3.2,11.6,55.8,10.2
North Hertfordshire,2025,50.3,24.5,78.4,15.7,15.8,0.4,11.6,55.6,10.7
North Norfolk,2006,62.7,16.6,63.8,19.5,32.3,11.2,21.3,55.4,8.7
North Norfolk,2007,66.4,27.6,61.4,22.1,32.9,2.6,21.3,55.4,10.3
North Norfolk,2008,70.7,10.1,54.8,26.8,25.1,2.1,21.3,54.6,12.4
North Norfolk,2009,68.4,17.8,59.9,25.4,26.5,12.4,21.3,54.9,9.3
North Norfolk,2010,54,13.2,67.1,19.2,32.9,20.9,21.3,56.5,8.7
North Norfolk,2011,67,13.2,60.8,25.4,20.1,3.2,21.3,52.8,10.3
North Norfolk,2012,69.1,36.9,66.6,18.4,26.9,1.6,21.3,55.6,10.3
North Norfolk,2013,61.1,10.1,60.9,25.7,19.4,3.2,21.3,55.6,9.6
North Norfolk,2014,63.2,18,58.8,24.1,26.9,1.7,21.3,55.5,10
North Norfolk,2015,65.3,29.1,66.9,19.8,16.1,2.2,21.3,55.4,10.1
North Norfolk,2016,60.3,24.5,70.8,21.7,20.1,3.2,21.3,55.6,10.9
North Norfolk,2017,63.9,29.1,71.8,15.7,13.2,1.7,21.3,55.8,10.2
North Norfolk,2018,64.3,25.2,69.4,20.9,16.3,4.6,21.3,55.8,10.7
North Norfolk,2019,62.3,25.2,66.7,23.9,11,2.7,21.3,55.4,9
North Norfolk,2020,70.7,25.2,69,21.9,9.9,2.4,21.3,55.8,11.1
North Norfolk,2021,67.2,24.5,66.3,18.6,18.4,3.7,21.3,55.4,8.7
North Norfolk,2022,70.6,25.2,69.3,21.3,11.1,0.7,21.3,55.8,12.2
North Norfolk,2023,68,28.1,62.8,30.3,11.1,0.7,21.3,55.4,10.7
North Norfolk,2024,63.2,24.5,60.7,25.9,9.9,1.6,21.3,55.6,10.2
North Norfolk,2025,57.9,25.2,70.9,22.1,12.1,2.2,21.3,55.4,9.4
Norwich,2006,71.5,20.7,63.4,21.4,32.5,7.7,28.8,56.4,10.3
Norwich,2007,70.7,18,60.9,23.1,31.7,0.4,28.8,56.5,10.9
Norwich,2008,70.1,28.1,54.6,28.8,32.3,4.2,28.8,55.7,9.4
Norwich,2009,75.9,28.1,58.3,25.8,23.2,2.6,28.8,55.2,12.2
Norwich,2010,72.8,24.5,58.8,28.5,21.2,4.4,28.8,56.6,10.2
Norwich,2011,64.2,14.5,62.7,24.6,30,3.3,28.8,54.5,10.3
Norwich,2012,69.4,15.2,57.7,30.3,14.8,0.7,28.8,55.6,10.7
Norwich,2013,64.6,13.7,59.5,26.8,26.3,6.2,28.8,55.6,10.4
Norwich,2014,63.5,29.1,62,26.6,22.8,4.3,28.8,55.8,10.4
Norwich,2015,55.3,15.1,71.5,19.8,35.8,12,28.8,55.6,10
Norwich,2016,57,17.8,68.2,19.6,32.5,13,28.8,55.8,9.1
Norwich,2017,56.7,21.6,68.5,17.9,31.7,11.2,28.8,55.8,10.2
Norwich,2018,58.8,25.2,67.1,20.6,35.6,7.7,28.8,55.6,9.3
Norwich,2019,55.8,22.2,67.8,22.2,26.6,6,28.8,55.8,10.4
Norwich,2020,62.3,25.2,60.8,27.1,23.3,1.3,28.8,55.8,9.6
Norwich,2021,68,25.2,65.8,25.4,13.6,1.3,28.8,56.4,10.9
Norwich,2022,73.7,24.5,59.9,31,9.9,1.3,28.8,56.6,10
Norwich,2023,69,28.1,58.8,30.3,9.6,3.6,28.8,56.4,9.4
Norwich,2024,64.1,36.9,64.2,27.4,8.7,1.4,28.8,55.4,9.9
Norwich,2025,66.9,25.2,63.8,27.4,9.6,1.1,28.8,55.8,9.3
Peterborough,2006,67.2,13.7,64.7,20.2,31.7,0.8,27.7,54.9,9.6
Peterborough,2007,51.1,12.4,71.6,18.4,32.3,35.4,27.7,55.8,8.5
Peterborough,2008,60.5,13.7,59,26.3,28.7,6,27.7,54.7,9.9
Peterborough,2009,59.7,18,65.8,19.2,35.8,5.9,27.7,55.8,10.2
Peterborough,2010,63.2,13.2,59,26.8,22.8,3.5,27.7,52.8,8.9
Peterborough,2011,60.6,12.4,59,30.3,21.6,2.8,27.7,55.9,11.5
Peterborough,2012,69.4,13.7,62.6,24.7,22,6.2,27.7,55,8.7
Peterborough,2013,67.6,22.2,60.7,24.8,35.6,0.8,27.7,56.5,12.2
Peterborough,2014,68.5,29.1,62.8,24.7,24.8,4.1,27.7,56.4,9.4
Peterborough,2015,62.9,17.8,62,24.3,17.5,4.7,27.7,55.4,9.3
Peterborough,2016,62.5,20.7,61.1,26,22.5,4,27.7,55.2,12
Peterborough,2017,68.3,28.1,61.7,24.7,21.7,5.1,27.7,56.4,9.9
Peterborough,2018,70.6,22.2,66,23.4,27.2,5.9,27.7,55.8,10.2
Peterborough,2019,60.5,20.7,58.8,30.4,15.1,1.9,27.7,56.5,9
Peterborough,2020,64.7,18,54.6,29.5,16.4,1.5,27.7,55.6,9.3
Peterborough,2021,65.1,28.1,66.3,24.4,15.8,4.6,27.7,55.8,9.6
Peterborough,2022,68,25.2,65.8,24.4,16.7,4.5,27.7,55.8,10.8
Peterborough,2023,59.7,25.2,59.8,31.4,9.6,3,27.7,55.8,9.9
Peterborough,2024,62.1,25.2,65.8,24.6,15.6,1.3,27.7,55.4,12
Peterborough,2025,60.2,24.5,65.8,23.5,12.1,4.6,27.7,55.8,8.7
Rochford,2006,61,13.2,59.8,21.4,32.5,4,11,55.4,10
Rochford,2007,60.2,14.5,64.4,19.4,35.8,0.8,11,55.4,10.8
Rochford,2008,59.6,13.7,63.9,19.3,31.7,4,11,54.3,9.6
Rochford,2009,70.6,36.9,66.5,20.6,21.7,4.5,11,55.6,10
Rochford,2010,49.8,13.2,69.8,15.1,35.6,31.8,11,55.8,8.2
Rochford,2011,55.7,13.7,64.7,18.9,31.7,7.7,11,54.7,10
Rochford,2012,60.5,19.4,65.8,21.6,19.4,2.2,11,56.6,10.8
Rochford,2013,59.8,25.2,71.4,16.8,35.6,3.4,11,55.8,12.2
Rochford,2014,53.1,15.2,71,15.2,20.1,2.5,11,55.6,10.6
Rochford,2015,55.7,27.6,64.2,20.8,20.9,2.1,11,55.6,9.9
Rochford,2016,61.4,28.1,70,19.2,27.9,1,11,55.8,10.7
Rochford,2017,57,36.9,69.8,22.4,27,1.8,11,55.8,12.2
Rochford,2018,63.1,24.5,66.5,19.4,22.3,2.8,11,55.4,11.5
Rochford,2019,62,25.2,67.7,20.2,9.6,2.2,11,55.6,9.9
Rochford,2020,63.9,25.2,73.7,16.5,14.9,1.9,11,55.8,10.8
Rochford,2021,58,29.1,69.8,22.1,10.9,2.6,11,56.4,10
Rochford,2022,56.5,29.1,70.9,20.4,16.7,3.9,11,55.8,10.7
Rochford,2023,57.4,29.1,74.7,17.9,24.4,1.5,11,55.8,11.1
Rochford,2024,60.1,25.2,68.3,20.6,8.7,3.4,11,55.6,10.3
Rochford,2025,60.1,24.5,73,19.4,15.6,2.2,11,55.8,11.1
South Cambridgeshire,2006,59.8,10.1,62.8,17.2,35.8,3.4,8.1,54.9,10.1
South Cambridgeshire,2007,61.1,21.6,67.4,16.8,32.5,5.9,8.1,55.8,10.2
South Cambridgeshire,2008,58.2,17.8,68.1,17,27.5,0.8,8.1,56.4,10.7
South Cambridgeshire,2009,62.7,14.5,56.6,24.4,22.9,2.1,8.1,55.6,9.3
South Cambridgeshire,2010,59.6,13.7,62.6,21.7,25.2,7.7,8.1,53.5,10.7
South Cambridgeshire,2011,49.8,15.2,67.4,14.4,32.9,2.2,8.1,55.8,8.7
South Cambridgeshire,2012,66.5,25.2,65.2,19.9,22.5,0.5,8.1,56.4,12.2
South Cambridgeshire,2013,60.6,36.9,72.8,16.8,22.8,0.1,8.1,55.8,11.1
South Cambridgeshire,2014,62.4,29.1,73.3,16,20.5,1.7,8.1,55.6,10
South Cambridgeshire,2015,58.9,29.1,71.9,14.8,21.2,6.6,8.1,55.4,10.6
South Cambridgeshire,2016,56.2,22.2,73.1,15.2,21.6,12.4,8.1,55.8,12.2
South Cambridgeshire,2017,58.1,15.1,68.3,19.6,17.6,11.7,8.1,56.6,10.7
South Cambridgeshire,2018,56.9,28.1,73,16.9,23.7,7.8,8.1,56.4,10.8
South Cambridgeshire,2019,58.1,25.2,74.9,17,13.4,7.9,8.1,55.8,10
South Cambridgeshire,2020,59.4,25.2,69.7,19.7,8.7,4.2,8.1,55.8,10.2
South Cambridgeshire,2021,61.8,24.5,67.6,19.1,16.2,1.2,8.1,55.4,10.9
South Cambridgeshire,2022,63.3,36.9,69,17.9,9.9,3.7,8.1,56.4,12.4
South Cambridgeshire,2023,58.9,28.1,74.7,14.9,22.4,2.6,8.1,55.6,12.2
South Cambridgeshire,2024,49.8,29.1,78.4,13.8,13.4,1.3,8.1,55.4,10.2
South Cambridgeshire,2025,51.1,29.1,72,19.2,10.2,2.1,8.1,55.8,10
South Norfolk,2006,65.1,16.6,59.5,23.4,28.7,3.2,13,53.6,9.4
South Norfolk,2007,64,14.5,60.8,21.2,35.6,6.2,13,55.9,10.8
South Norfolk,2008,62.1,10.1,64.3,18.6,20.1,4.6,13,54.8,9.3
South Norfolk,2009,63.1,14.5,63.9,20.6,22.5,7.9,13,55.3,9.6
South Norfolk,2010,60.3,18,64.4,17.1,21.7,4.2,13,55.6,8.5
South Norfolk,2011,56.2,18,69.1,14.8,32.5,0.8,13,56.4,10.6
South Norfolk,2012,59.3,17.8,65.5,20.6,22.4,0.4,13,55.8,10.2
South Norfolk,2013,58,13.7,59.8,24.5,21.8,2.7,13,55.4,9.9
South Norfolk,2014,60.3,28.1,71.7,17.9,21.6,1,13,55.8,10.8
South Norfolk,2015,66,36.9,69.4,16.6,17.5,3.6,13,56.4,10.6
South Norfolk,2016,60.3,25.2,70.9,16.5,15.3,4.7,13,55.4,12
South Norfolk,2017,57.7,22.2,69.1,17.9,16.4,2.5,13,55.8,12.2
South Norfolk,2018,61.6,24.5,73.3,16.8,16.9,2.1,13,55.8,10.8
South Norfolk,2019,58.7,36.9,66.4,19.3,7,1.7,13,56.4,11.5
South Norfolk,2020,59.3,25.2,62.8,25.4,10.9,1.2,13,55.6,10.3
South Norfolk,2021,57.6,28.1,68,19.6,14.8,3.2,13,55.8,9.4
South Norfolk,2022,58.2,36.9,71.4,22.4,8.7,2.1,13,55.8,10.8
South Norfolk,2023,62.7,24.5,75.2,16.9,13.6,2.1,13,56.4,10
South Norfolk,2024,51.1,28.1,69.8,20.4,10.2,5,13,55.8,10.4
South Norfolk,2025,60.1,29.1,74.7,18.9,10.2,2.1,13,55.4,12.2
Southend-on-Sea,2006,68.5,16.6,56.6,27.3,22.5,1.3,24.5,54.6,9.4
Southend-on-Sea,2007,62.1,14.5,61.1,24.5,32.5,3.4,24.5,54.7,10.3
Southend-on-Sea,2008,63.5,14.5,65.2,18.4,35.8,6,24.5,55.6,9
Southend-on-Sea,2009,55.8,12.4,58.6,25.7,33,5.9,24.5,54.8,9.3
Southend-on-Sea,2010,65.1,16.6,59.5,23.5,30,2.2,24.5,54.4,9.7
Southend-on-Sea,2011,67.3,29.1,63.6,22.8,32.5,1.6,24.5,55.6,10
Southend-on-Sea,2012,62.5,17.8,63,23.1,20.1,0.4,24.5,55.6,9.3
Southend-on-Sea,2013,65.1,13.2,59.5,26,22,2.2,24.5,54.9,9.6
Southend-on-Sea,2014,60.5,17.8,61.4,23.5,23.7,4.8,24.5,55,9.6
Southend-on-Sea,2015,58.7,15.1,65,22.6,28.7,4,24.5,54.2,10.7
Southend-on-Sea,2016,58.5,15.2,63.4,24.1,23.6,3.2,24.5,55.2,9
Southend-on-Sea,2017,68,25.2,63,24.4,25.9,1.9,24.5,56.4,12.2
Southend-on-Sea,2018,61.7,25.2,65.1,23.4,27.6,3.7,24.5,55.8,10.9
Southend-on-Sea,2019,65.1,29.1,63.2,27.6,15.6,2.5,24.5,55.8,10.2
Southend-on-Sea,2020,66.8,29.1,67.4,23.7,12.1,0.4,24.5,55.4,10
Southend-on-Sea,2021,70.7,28.1,54.8,35.1,10.2,1.9,24.5,55.5,10
Southend-on-Sea,2022,63.3,36.9,69.8,20.9,11.8,0.7,24.5,55.4,9.9
Southend-on-Sea,2023,60.6,29.1,67.4,24.7,10.3,2.9,24.5,55.8,10.2
Southend-on-Sea,2024,59.3,24.5,66.6,25.5,10.2,6.6,24.5,55.4,10.3
Southend-on-Sea,2025,66.1,29.1,68,25.1,11.1,1,24.5,55.8,10
St Albans,2006,60.3,13.2,61,21.7,30,1.7,7.7,54.6,9.9
St Albans,2007,58.7,14.5,61.1,19.4,20.1,1.3,7.7,56.1,9.9
St Albans,2008,61.9,17.8,64.9,18.4,21.6,1.1,7.7,54.9,9.4
St Albans,2009,56.9,14.5,60.8,20.3,21.7,3,7.7,55.7,9.7
St Albans,2010,57,21.6,59.8,21.5,32.9,3,7.7,55,10
St Albans,2011,54.4,17.8,72,16,35.6,20.9,7.7,55.8,10.2
St Albans,2012,62,29.1,70.9,16,27.5,3.4,7.7,55.8,12.2
St Albans,2013,49.8,10.1,68.5,15.3,31.7,3.3,7.7,55.9,12.2
St Albans,2014,58,15.2,63.7,22.5,16.2,2.9,7.7,55.6,10.2
St Albans,2015,58.7,36.9,74.8,14,26.9,2.6,7.7,55.6,11.1
St Albans,2016,49.8,36.9,73,16,30,2.6,7.7,56.4,12.2
St Albans,2017,48.9,24.5,73.7,13.3,29.1,3.3,7.7,56.4,12.2
St Albans,2018,50.3,24.5,68,18.6,22.4,3.2,7.7,55.4,10.3
St Albans,2019,51.1,36.9,77.8,11.4,21.7,1.4,7.7,55.4,10.9
St Albans,2020,61.8,24.5,67.8,21.4,18.3,2.6,7.7,56.4,11.1
St Albans,2021,54,29.1,71.4,19.8,17.9,2.9,7.7,56.4,10.8
St Albans,2022,51.1,29.1,78.4,11.4,16.4,4.4,7.7,55.6,12.4
St Albans,2023,62.4,29.1,69.9,19.5,16.4,1.1,7.7,55.4,10
St Albans,2024,49.8,24.5,69,21.6,9.6,1.9,7.7,55.8,12.4
St Albans,2025,60.1,25.2,71.7,19.7,10.3,0.7,7.7,55.4,10
Stevenage,2006,67.2,15.1,54.8,26.8,35.6,5.5,18.4,54.9,11.2
Stevenage,2007,58.1,13.2,62.2,21.5,34.6,0.4,18.4,55.1,9.4
Stevenage,2008,51.1,13.2,66.2,19.4,34.6,34.6,18.4,54.6,10
Stevenage,2009,60.2,13.7,61.9,22.2,22.8,3.4,18.4,54.6,9.4
Stevenage,2010,65.3,15.2,55.5,26,26.9,1.3,18.4,54.2,10
Stevenage,2011,59.5,24.5,67.7,20.2,35.6,3.4,18.4,55.4,10.7
Stevenage,2012,66.4,24.5,65.2,21,16.1,1.3,18.4,55.8,10.8
Stevenage,2013,64.8,24.5,64.4,20.9,15.5,7.9,18.4,55.6,10.9
Stevenage,2014,62,24.5,66.6,19.2,21.7,1.3,18.4,55.4,9.3
Stevenage,2015,64.6,28.1,68.7,17.2,21.7,3,18.4,55.8,9.9
Stevenage,2016,65,29.1,66.9,21.7,25,4,18.4,55.8,10.8
Stevenage,2017,64,24.5,60.4,25.3,26.5,4.2,18.4,55.2,9.3
Stevenage,2018,67.5,36.9,64.2,22.1,20.5,2.5,18.4,55.8,9.4
Stevenage,2019,69.5,28.1,61.9,23.3,13.2,2.5,18.4,55.8,10.5
Stevenage,2020,62.4,25.2,67.6,20.6,14.8,2.1,18.4,56.4,9.6
Stevenage,2021,59.8,24.5,75.1,16,10.9,4.1,18.4,55.4,9.6
Stevenage,2022,62.2,24.5,68.1,21.7,11.7,2,18.4,56.4,12.4
Stevenage,2023,66.4,28.1,75,19.2,10.9,7.9,18.4,55.6,10.7
Stevenage,2024,59.6,24.5,73.7,15.2,11.4,0.7,18.4,56.4,9.6
Stevenage,2025,62.4,28.1,67.6,24.5,11.1,3.4,18.4,55.4,10.6
Huntingdonshire,2006,65,14.5,55.5,27.4,35.6,11.2,28.4,56.1,8.5
Huntingdonshire,2007,58.9,13.2,68.3,22.2,32.3,12,28.4,55.8,12.2
Huntingdonshire,2008,49.8,14.5,71.7,18.9,32.9,36.2,28.4,55.8,8.9
Huntingdonshire,2009,66.8,13.7,62.8,21.9,27.5,2.2,28.4,55.2,9.3
Huntingdonshire,2010,68,10.1,59.5,23.3,27.5,1.3,28.4,54.2,10.4
Huntingdonshire,2011,69.4,13.7,58.4,25.8,17.5,4.6,28.4,54.8,9.3
Huntingdonshire,2012,63.2,13.2,59.8,30.3,24.4,2.2,28.4,55.4,12.2
Huntingdonshire,2013,61.6,18,62.6,22.4,20.1,5.7,28.4,55.8,9.7
Huntingdonshire,2014,68.7,27.6,62.3,24.7,20.5,2.4,28.4,56.4,10.4
Huntingdonshire,2015,66,10.1,58,31.4,12.1,3.3,28.4,55.6,9.3
Huntingdonshire,2016,67.5,21.2,62.6,27.3,19.9,3.9,28.4,56.5,10.8
Huntingdonshire,2017,67.6,29.1,62.6,25.1,14.8,3,28.4,55.6,8.7
Huntingdonshire,2018,66.4,29.1,59.8,25.8,13.7,1.5,28.4,56.4,9
Huntingdonshire,2019,68,36.9,68.1,23.5,8.7,0.5,28.4,55.8,10.4
Huntingdonshire,2020,60.3,25.2,68.1,21.7,18.7,1.1,28.4,55.8,12
Huntingdonshire,2021,64,36.9,65.3,24.7,13.6,3.5,28.4,55.8,10
Huntingdonshire,2022,62,29.1,71.4,22.2,15.6,5.9,28.4,55.8,10.7
Huntingdonshire,2023,67.6,36.9,69.7,23.1,15.6,3.6,28.4,55.4,11.5
Huntingdonshire,2024,64.1,36.9,63.6,22.3,9.6,1.1,28.4,55.6,9.7
Huntingdonshire,2025,60.3,29.1,71,20.6,17.6,4.5,28.4,56.4,11.5
Three Rivers,2006,60.6,17.8,65.2,17.1,33,2.2,10,55.8,10.6
Three Rivers,2007,58.6,24.5,69.1,13.9,34.6,5.5,10,56.4,10.2
Three Rivers,2008,64.2,18,67.7,14.9,35.6,4,10,55.8,10.2
Three Rivers,2009,62.2,20.7,63.5,20.2,31.7,4.6,10,55,10
Three Rivers,2010,61.9,13.7,62.3,19.3,23.5,1.7,10,54.9,9.4
Three Rivers,2011,60.6,25.2,69,18.5,26.9,2.2,10,55.4,11.1
Three Rivers,2012,58.2,17.8,63.4,18,21.7,2.9,10,55.8,10
Three Rivers,2013,67.5,25.2,61.1,18.6,25.9,2.9,10,55.6,9.3
Three Rivers,2014,57.8,16.6,63.3,20.9,16.4,1.3,10,56.6,11.5
Three Rivers,2015,60.2,36.9,69.9,17.8,22.8,1.9,10,55.6,10
Three Rivers,2016,56.9,21.2,68.2,18.9,19.3,1.3,10,55.8,11.5
Three Rivers,2017,56.9,19.4,69.8,16.5,19.3,3.4,10,56.4,10.7
Three Rivers,2018,59.4,25.2,71,18.6,26.3,2.1,10,55.4,10
Three Rivers,2019,53.1,29.1,71.7,19.6,10.8,1.2,10,55.6,10.2
Three Rivers,2020,61.4,24.5,71,19.8,10.2,3.2,10,55.6,10.7
Three Rivers,2021,57,36.9,72.9,16.5,11,0.2,10,55.4,12
Three Rivers,2022,56.9,36.9,70.9,17.2,24.4,1.3,10,55.8,10.7
Three Rivers,2023,57.4,29.1,73.3,19.2,15.8,4.2,10,55.8,10
Three Rivers,2024,59.8,28.1,74.7,17.2,9.6,3.4,10,55.8,10.7
Three Rivers,2025,54.4,24.5,74.8,15.3,8.7,6.6,10,55.6,9.6
Thurrock,2006,66.4,13.2,60.8,23.7,21.7,0.7,21.6,54.8,10.3
Thurrock,2007,58.7,12.4,60.8,20.9,31.7,4,21.6,55.4,9.1
Thurrock,2008,65.2,20.7,63.5,20.9,33,1.4,21.6,55.6,9.6
Thurrock,2009,59.6,15.2,68.1,18.6,32.5,11.2,21.6,55.6,9.6
Thurrock,2010,69.4,20.7,60.8,23.8,22.5,1.6,21.6,55.4,10.3
Thurrock,2011,62.4,13.7,65.5,18.9,25.1,0.4,21.6,55.8,9.3
Thurrock,2012,59.7,10.1,60.4,24.7,23.7,6.6,21.6,55.9,8.7
Thurrock,2013,56.9,15.2,71,15.3,35.6,20.9,21.6,55.8,8.5
Thurrock,2014,64.6,25.2,63.6,25.3,17.5,1.7,21.6,55.4,10.6
Thurrock,2015,65.8,36.9,54.8,31,18.4,1.3,21.6,55.4,9.3
Thurrock,2016,69.4,36.9,59.5,28.5,21.6,1.1,21.6,55.4,10.2
Thurrock,2017,69,25.2,60.9,26.7,20.1,2,21.6,55.9,10
Thurrock,2018,75.9,28.1,58.6,25.4,19.2,0.8,21.6,56.6,9.4
Thurrock,2019,69.4,36.9,58.3,28.8,9.9,0.5,21.6,56.4,9.4
Thurrock,2020,62.9,29.1,60.5,27.1,12.1,2.7,21.6,56.4,9.9
Thurrock,2021,60.9,25.2,65.3,24.4,12.1,2.6,21.6,55.8,9.3
Thurrock,2022,62.2,28.1,64.4,27.3,14.4,4.9,21.6,55.6,10.6
Thurrock,2023,61.1,24.5,68.6,21.7,7,0.7,21.6,55.8,10.6
Thurrock,2024,56.5,24.5,75.5,17.2,10.3,11.7,21.6,55.4,12
Thurrock,2025,62.2,24.5,65.2,23.3,11.4,0.6,21.6,55.6,11.2
Uttlesford,2006,61.7,17.8,62,21.7,35.6,0.4,9.7,54.7,11.1
Uttlesford,2007,61.9,16.6,61.4,19.1,30,2.2,9.7,56.1,10.6
Uttlesford,2008,66,10.1,64.7,17.1,27.5,3.6,9.7,54.6,10
Uttlesford,2009,61.1,27.6,60.4,21.2,35.8,3.4,9.7,55.6,10.6
Uttlesford,2010,60.7,19.4,61.8,19.3,32.9,3.2,9.7,54.9,9.6
Uttlesford,2011,49.8,19.4,63.5,19.3,35.8,5.5,9.7,55.8,12
Uttlesford,2012,58.5,29.1,67.8,18.3,21.7,0.3,9.7,55.8,10.2
Uttlesford,2013,57.9,28.1,66.5,18.9,26.9,2.3,9.7,55.8,12.2
Uttlesford,2014,60.7,27.6,65.8,17.2,16.1,0.7,9.7,55.8,10.2
Uttlesford,2015,57.2,28.1,69,18.4,18.2,1.1,9.7,56.4,11.1
Uttlesford,2016,55.3,22.2,71.4,18.4,15.9,1.3,9.7,55.6,10.7
Uttlesford,2017,57.3,25.2,70.7,19.2,16.4,0.7,9.7,55.8,10.2
Uttlesford,2018,57.6,28.1,74.7,13.9,25.7,2.3,9.7,55.8,10.8
Uttlesford,2019,62.6,29.1,67.8,19.1,13.7,0.7,9.7,55.8,10.7
Uttlesford,2020,58.9,29.1,66.4,19.1,13.2,2.7,9.7,55.6,10.8
Uttlesford,2021,67.8,28.1,68.3,24.5,14.2,1.1,9.7,56.4,12.2
Uttlesford,2022,55.3,36.9,73.7,17.2,15.2,2.2,9.7,55.6,10.2
Uttlesford,2023,54,36.9,73.7,18.9,13.2,2,9.7,55.6,10.8
Uttlesford,2024,59.6,28.1,73.7,19.8,13.7,3.7,9.7,55.4,10.7
Uttlesford,2025,49.8,24.5,74.7,14.9,18.3,2.5,9.7,55.8,10.9
Watford,2006,66.7,17.8,63.5,18.8,22.8,4,15.7,55.7,9.7
Watford,2007,65.1,18,63.9,19.6,21.7,4.5,15.7,55.8,10.4
Watford,2008,60.5,13.7,62.3,20.9,32.5,4.8,15.7,54.4,8.7
Watford,2009,64.2,27.6,65.2,19.3,22.5,1.1,15.7,56.4,10
Watford,2010,63.3,22.2,65.2,20.2,30,6.2,15.7,55.8,10.2
Watford,2011,60.6,13.7,54.8,30.3,22,5.9,15.7,55.9,12.2
Watford,2012,57,22.2,68.4,18.6,35.8,4.8,15.7,55.4,12.2
Watford,2013,62,21.2,66.6,17.2,23.4,5,15.7,55.6,8.7
Watford,2014,68.3,29.1,69.1,18.9,19.3,1.3,15.7,55.8,11.1
Watford,2015,61.9,29.1,67.8,19.3,28.4,6.2,15.7,55.6,10.6
Watford,2016,55.4,18,68,20.4,26.9,3.4,15.7,55.6,10.2
Watford,2017,67,25.2,60.5,25.6,21.8,1.3,15.7,55,10
Watford,2018,60.5,28.1,64.4,21.9,27.7,2.5,15.7,56.4,11.1
Watford,2019,60.1,29.1,66.2,21.7,17.9,1.6,15.7,55.8,10.3
Watford,2020,67.5,28.1,70.1,19.5,16,3,15.7,55.6,10
Watford,2021,58.1,28.1,75.1,15.2,21,1.3,15.7,55.8,10.7
Watford,2022,60.3,28.1,69.9,19.9,13.7,4,15.7,55.6,10.6
Watford,2023,63.3,28.1,74.3,17.9,12.1,2.1,15.7,55.8,10.7
Watford,2024,56.9,24.5,71.8,21.3,13.2,2.2,15.7,55.6,10.8
Watford,2025,54,24.5,73.4,19.6,13.6,3.4,15.7,56.4,10.8
Welwyn Hatfield,2006,62.4,13.2,64.9,18.3,32.5,5.9,12.9,55.6,10.4
Welwyn Hatfield,2007,59.8,10.1,63.8,19,31.7,3.4,12.9,53.6,9.3
Welwyn Hatfield,2008,59.6,14.5,64.7,18.7,35.8,13,12.9,55.4,10.6
Welwyn Hatfield,2009,58.1,16.6,66.5,17.1,35.6,3.3,12.9,55.8,11.4
Welwyn Hatfield,2010,60.9,18,66.2,18.8,26.9,1.1,12.9,56.5,10.7
Welwyn Hatfield,2011,64,28.1,61.7,21.5,16.3,0.7,12.9,55.4,9.9
Welwyn Hatfield,2012,58.9,10.1,60.9,23.7,17,3.9,12.9,55.9,12.2
Welwyn Hatfield,2013,63.2,22.2,66.2,19.6,23.4,1,12.9,56.4,10
Welwyn Hatfield,2014,67.5,29.1,69.9,15.7,15.8,0.7,12.9,55.8,10.6
Welwyn Hatfield,2015,64.8,36.9,68.6,18.4,23.5,4.8,12.9,55.4,9.9
Welwyn Hatfield,2016,61.1,28.1,63.5,20.6,24.8,4,12.9,55.8,9.3
Welwyn Hatfield,2017,63.2,24.5,73.4,17.2,24.4,2.9,12.9,56.4,10.7
Welwyn Hatfield,2018,66.7,29.1,62.8,22.3,24.1,2.6,12.9,55.8,10.8
Welwyn Hatfield,2019,60.2,36.9,68.5,21,16.4,2.6,12.9,55.4,10
Welwyn Hatfield,2020,57.3,29.1,68.2,21.5,21.2,2.2,12.9,55.6,12.4
Welwyn Hatfield,2021,59.3,36.9,68.4,17.2,14.3,1,12.9,56.4,10.5
Welwyn Hatfield,2022,58.9,24.5,72.9,17.9,16.4,5.5,12.9,55.6,11.1
Welwyn Hatfield,2023,58.1,28.1,75,14.4,10.8,2.5,12.9,55.8,12
Welwyn Hatfield,2024,60.3,24.5,73.7,17.9,13.2,5,12.9,55.8,10.7
Welwyn Hatfield,2025,60.2,25.2,69.7,19.8,10.9,2.7,12.9,55.4,10.8
West Suffolk,2006,61.2,14.5,59.5,21.2,35.6,0.4,11.8,54.3,10.3
West Suffolk,2007,60.2,13.2,61,21.7,32.5,0.4,15.3,54.9,12
West Suffolk,2008,60.2,24.5,62.7,19.6,34.6,1,8.1,56.5,10.8
West Suffolk,2009,63.1,20.7,63.9,18.4,27.5,3.6,11,55.4,10.3
West Suffolk,2010,64.1,21.2,63.7,21.4,24.1,0.8,28.4,55.8,10
West Suffolk,2011,64.4,24.5,69.8,18.4,32.5,13,15.3,55.8,10
West Suffolk,2012,66,24.5,63.9,23.2,26.7,3.4,28.4,56.4,9.9
West Suffolk,2013,58.8,24.5,70,17.9,35.6,4.8,12.4,55.4,12.2
West Suffolk,2014,65.1,28.1,66.5,21,18.4,1.5,12.7,55.8,11.1
West Suffolk,2015,68,20.7,60.8,26.2,18.8,2.6,23.6,54.9,10.4
West Suffolk,2016,66.3,25.2,69.1,21.5,21.6,4.5,16.6,55.4,10.8
West Suffolk,2017,62.8,22.2,63.3,24.7,19.8,3.2,15.1,56.5,11.1
West Suffolk,2018,70.2,28.1,69.9,17.2,18.4,2.7,12.9,55.6,10
West Suffolk,2019,57.8,21.2,69.1,21.5,14.8,1.7,12.4,55.8,11.1
West Suffolk,2020,68.5,29.1,62.7,29.3,14.2,1.5,26.1,55.4,10
West Suffolk,2021,59,25.2,68.5,19.3,16.7,0.7,11.1,55.6,11.5
West Suffolk,2022,61.6,24.5,68.7,21.5,9.9,4.5,23.4,56.4,10.7
West Suffolk,2023,66.3,29.1,73.4,20.4,15.6,12.4,24.5,55.8,10.8
West Suffolk,2024,56.3,28.1,71.4,19.7,10.2,1.5,12.9,55.8,12.4
West Suffolk,2025,66.1,24.5,62.8,30.6,10.2,1.9,21.3,55.2,10
